order_id,line_index,sku,dc,pgi,demand,cpp,unit_revenue,filled,pallets,loose_cases,shortfall_cases,revenue,penalty
5485387044,2683,12154829,5773,2024-06-27,1200,120,81.07,148.0,1.0,28.0,1052.0,11998.359999999999,12792.846
5485387044,2684,12154830,5773,2024-06-27,960,120,81.08958333333334,0.0,0.0,0.0,960.0,0.0,11676.900000000001
5485631272,7125,12147839,5083,2024-06-27,5,180,48.2,5.0,0.0,5.0,0.0,241.0,0.0
5485631272,7126,12502274,5083,2024-06-27,144,128,33.263888888888886,144.0,1.0,16.0,0.0,4790.0,0.0
5485631272,7127,12500020,5083,2024-06-27,144,128,65.625,144.0,1.0,16.0,0.0,9450.0,0.0
5485631272,7128,12575219,5083,2024-06-27,128,105,28.0859375,128.0,1.0,23.0,0.0,3595.0,0.0
5485631272,7129,12502286,5083,2024-06-27,144,128,40.979166666666664,144.0,1.0,16.0,0.0,5901.0,0.0
5485631272,7130,12495548,5083,2024-06-27,1,105,26.0,1.0,0.0,1.0,0.0,26.0,0.0
5485631272,7131,12352103,5083,2024-06-27,60,60,161.0,60.0,1.0,0.0,0.0,9660.0,0.0
5485631272,7132,12408918,5083,2024-06-27,128,128,208.21875,128.0,1.0,0.0,0.0,26652.0,0.0
5485631272,7133,12567750,5083,2024-06-27,202,136,29.76732673267327,0.0,0.0,0.0,202.0,0.0,901.9499999999999
5485631272,7134,12591203,5083,2024-06-27,12,128,52.833333333333336,12.0,0.0,12.0,0.0,634.0,0.0
5485631272,7135,12352102,5083,2024-06-27,20,60,161.0,20.0,0.0,20.0,0.0,3220.0,0.0
5485631272,7136,12502285,5083,2024-06-27,432,128,28.587962962962962,432.0,3.0,48.0,0.0,12350.0,0.0
5485631272,7137,12571489,5083,2024-06-27,1,84,279.0,1.0,0.0,1.0,0.0,279.0,0.0
5485631272,7138,12584376,5083,2024-06-27,123,128,38.203252032520325,123.0,0.0,123.0,0.0,4699.0,0.0
5485631272,7139,12591220,5083,2024-06-27,48,128,36.083333333333336,48.0,0.0,48.0,0.0,1732.0,0.0
5485631272,7140,9519773,5083,2024-06-27,8,160,64.5,8.0,0.0,8.0,0.0,516.0,0.0
5485631272,7141,12408919,5083,2024-06-27,1,128,166.0,1.0,0.0,1.0,0.0,166.0,0.0
5485631272,7142,12502679,5083,2024-06-27,288,128,45.61805555555556,288.0,2.0,32.0,0.0,13138.0,0.0
5485631272,7143,12408794,5083,2024-06-27,144,128,160.13888888888889,144.0,1.0,16.0,0.0,23060.0,0.0
5485631272,7144,12535161,5083,2024-06-27,9,128,207.88888888888889,9.0,0.0,9.0,0.0,1871.0,0.0
5485631272,7145,12452197,5083,2024-06-27,16,112,76.875,16.0,0.0,16.0,0.0,1230.0,0.0
5485631272,7146,12560314,5083,2024-06-27,6,128,35.666666666666664,6.0,0.0,6.0,0.0,214.0,0.0
5485631272,7147,12352104,5083,2024-06-27,36,60,161.0,36.0,0.0,36.0,0.0,5796.0,0.0
5485631272,7148,12451640,5083,2024-06-27,67,128,89.77611940298507,67.0,0.0,67.0,0.0,6015.0,0.0
5485631272,7149,12352105,5083,2024-06-27,16,60,161.0,16.0,0.0,16.0,0.0,2576.0,0.0
5485631272,7150,12451623,5083,2024-06-27,43,128,89.76744186046511,43.0,0.0,43.0,0.0,3860.0,0.0
5485631272,7151,12591202,5083,2024-06-27,6,128,52.833333333333336,6.0,0.0,6.0,0.0,317.0,0.0
5485631272,7152,12172651,5083,2024-06-27,1,80,371.0,1.0,0.0,1.0,0.0,371.0,0.0
5485631272,7153,12500021,5083,2024-06-27,256,128,65.62890625,256.0,2.0,0.0,0.0,16801.0,0.0
5485631272,7154,12493314,5083,2024-06-27,37,128,88.21621621621621,37.0,0.0,37.0,0.0,3264.0,0.0
5485631272,7155,12493312,5083,2024-06-27,14,128,90.42857142857143,14.0,0.0,14.0,0.0,1266.0,0.0
5485631272,7156,12493315,5083,2024-06-27,4,120,91.5,4.0,0.0,4.0,0.0,366.0,0.0
5485631272,7157,12535136,5083,2024-06-27,28,128,213.92857142857142,28.0,0.0,28.0,0.0,5990.0,0.0
5485631272,7158,12591187,5083,2024-06-27,39,128,36.07692307692308,39.0,0.0,39.0,0.0,1407.0000000000002,0.0
5485631272,7159,12500751,5083,2024-06-27,18,128,85.55555555555556,0.0,0.0,0.0,18.0,0.0,231.0
5485631272,7160,9517630,5083,2024-06-27,9,160,64.55555555555556,9.0,0.0,9.0,0.0,581.0,0.0
5485631272,7161,12504648,5083,2024-06-27,128,128,30.15625,128.0,1.0,0.0,0.0,3860.0,0.0
5485389446,6589,12432382,5083,2024-06-27,120,120,33.85,120.0,1.0,0.0,0.0,4062.0,0.0
5485389446,6590,12147839,5083,2024-06-27,1,180,48.0,1.0,0.0,1.0,0.0,48.0,0.0
5485389446,6591,12260378,5083,2024-06-27,120,120,32.166666666666664,120.0,1.0,0.0,0.0,3859.9999999999995,0.0
5485389446,6592,12575219,5083,2024-06-27,128,105,28.0859375,128.0,1.0,23.0,0.0,3595.0,0.0
5485389446,6593,12502286,5083,2024-06-27,144,128,40.979166666666664,144.0,1.0,16.0,0.0,5901.0,0.0
5485389446,6594,12495548,5083,2024-06-27,5,105,26.6,5.0,0.0,5.0,0.0,133.0,0.0
5485389446,6595,12352103,5083,2024-06-27,69,60,161.0,69.0,1.0,9.0,0.0,11109.0,0.0
5485389446,6596,12408918,5083,2024-06-27,128,128,208.21875,128.0,1.0,0.0,0.0,26652.0,0.0
5485389446,6597,12567750,5083,2024-06-27,159,136,29.767295597484278,0.0,0.0,0.0,159.0,0.0,709.95
5485389446,6598,12591203,5083,2024-06-27,13,128,52.84615384615385,13.0,0.0,13.0,0.0,687.0,0.0
5485389446,6599,12352102,5083,2024-06-27,33,60,161.0,33.0,0.0,33.0,0.0,5313.0,0.0
5485389446,6600,12432376,5083,2024-06-27,60,120,33.85,60.0,0.0,60.0,0.0,2031.0,0.0
5485389446,6601,12500023,5083,2024-06-27,144,128,75.26388888888889,144.0,1.0,16.0,0.0,10838.0,0.0
5485389446,6602,12584376,5083,2024-06-27,39,128,38.205128205128204,39.0,0.0,39.0,0.0,1490.0,0.0
5485389446,6603,12591220,5083,2024-06-27,52,128,36.07692307692308,52.0,0.0,52.0,0.0,1876.0000000000002,0.0
5485389446,6604,9519773,5083,2024-06-27,2,160,64.5,2.0,0.0,2.0,0.0,129.0,0.0
5485389446,6605,12408919,5083,2024-06-27,1,128,166.0,1.0,0.0,1.0,0.0,166.0,0.0
5485389446,6606,12504650,5083,2024-06-27,384,128,38.078125,384.0,3.0,0.0,0.0,14622.0,0.0
5485389446,6607,12468559,5083,2024-06-27,3,147,27.666666666666668,3.0,0.0,3.0,0.0,83.0,0.0
5485389446,6608,12452197,5083,2024-06-27,17,112,76.88235294117646,17.0,0.0,17.0,0.0,1307.0,0.0
5485389446,6609,12560314,5083,2024-06-27,6,128,35.666666666666664,6.0,0.0,6.0,0.0,214.0,0.0
5485389446,6610,12352104,5083,2024-06-27,21,60,161.0,21.0,0.0,21.0,0.0,3381.0,0.0
5485389446,6611,12352105,5083,2024-06-27,24,60,161.0,24.0,0.0,24.0,0.0,3864.0,0.0
5485389446,6612,12416276,5083,2024-06-27,40,120,85.8,40.0,0.0,40.0,0.0,3432.0,0.0
5485389446,6613,12504639,5083,2024-06-27,144,128,28.73611111111111,144.0,1.0,16.0,0.0,4138.0,0.0
5485389446,6614,12500021,5083,2024-06-27,128,128,65.625,128.0,1.0,0.0,0.0,8400.0,0.0
5485389446,6615,12493312,5083,2024-06-27,10,128,90.4,10.0,0.0,10.0,0.0,904.0,0.0
5485389446,6616,12535136,5083,2024-06-27,46,128,213.93478260869566,46.0,0.0,46.0,0.0,9841.0,0.0
5485389446,6617,12591187,5083,2024-06-27,170,128,36.088235294117645,170.0,1.0,42.0,0.0,6135.0,0.0
5485389446,6618,12500751,5083,2024-06-27,11,128,85.54545454545455,0.0,0.0,0.0,11.0,0.0,141.15
5485389446,6619,9517630,5083,2024-06-27,18,160,64.55555555555556,18.0,0.0,18.0,0.0,1162.0,0.0
5485389446,6620,12504648,5083,2024-06-27,512,128,30.158203125,512.0,4.0,0.0,0.0,15441.0,0.0
5485597603,20786,12535161,5773,2024-06-26,41,128,207.90243902439025,41.0,0.0,41.0,0.0,8524.0,0.0
5485597603,20787,12524424,5773,2024-06-26,10,128,98.4,0.0,0.0,0.0,0.0,0.0,0.0
5485597603,20788,12500751,5773,2024-06-26,60,128,85.6,60.0,0.0,60.0,0.0,5136.0,0.0
5485597603,20789,12535136,5773,2024-06-26,34,128,213.91176470588235,34.0,0.0,34.0,0.0,7273.0,0.0
5485597603,20790,12510902,5773,2024-06-26,18,128,42.77777777777778,18.0,0.0,18.0,0.0,770.0,0.0
5485597603,20791,12409676,5773,2024-06-26,41,128,214.1951219512195,41.0,0.0,41.0,0.0,8782.0,0.0
5485597603,20792,9519773,5773,2024-06-26,5,160,64.6,5.0,0.0,5.0,0.0,323.0,0.0
5485597603,20793,12575290,5773,2024-06-26,62,105,28.080645161290324,62.0,0.0,62.0,0.0,1741.0,0.0
5485597603,20794,12493314,5773,2024-06-26,9,128,88.11111111111111,9.0,0.0,9.0,0.0,793.0,0.0
5485597603,20795,12591220,5773,2024-06-26,132,128,36.083333333333336,132.0,1.0,4.0,0.0,4763.0,0.0
5485597603,20796,12408922,5773,2024-06-26,128,128,166.234375,127.0,0.0,127.0,0.0,21111.765625,0.0
5485597603,20797,12502286,5773,2024-06-26,288,128,40.979166666666664,288.0,2.0,32.0,0.0,11802.0,0.0
5485597603,20798,12500020,5773,2024-06-26,144,128,65.625,144.0,1.0,16.0,0.0,9450.0,0.0
5485597603,20799,12502274,5773,2024-06-26,144,128,33.263888888888886,144.0,1.0,16.0,0.0,4790.0,0.0
5485597603,20800,12571489,5773,2024-06-26,3,84,279.0,3.0,0.0,3.0,0.0,837.0,0.0
5485597603,20801,12408925,5773,2024-06-26,4,128,195.5,4.0,0.0,4.0,0.0,782.0,0.0
5485597603,20802,12502689,5773,2024-06-26,144,128,41.9375,144.0,1.0,16.0,0.0,6039.0,0.0
5485597603,20803,12573468,5773,2024-06-26,14,128,26.5,14.0,0.0,14.0,0.0,371.0,0.0
5485597603,20804,12452095,5773,2024-06-26,131,128,42.82442748091603,131.0,1.0,3.0,0.0,5610.0,0.0
5485597603,20805,12493312,5773,2024-06-26,7,128,90.42857142857143,7.0,0.0,7.0,0.0,633.0,0.0
5485597603,20806,12591203,5773,2024-06-26,9,128,52.77777777777778,9.0,0.0,9.0,0.0,475.0,0.0
5485597603,20807,12352105,5773,2024-06-26,30,60,161.0,30.0,0.0,30.0,0.0,4830.0,0.0
5485597603,20808,12560314,5773,2024-06-26,12,128,35.75,12.0,0.0,12.0,0.0,429.0,0.0
5485597603,20809,12453337,5773,2024-06-26,20,160,46.35,20.0,0.0,20.0,0.0,927.0,0.0
5485597603,20810,12453453,5773,2024-06-26,68,128,32.86764705882353,68.0,0.0,68.0,0.0,2235.0,0.0
5485597603,20811,12468559,5773,2024-06-26,5,147,27.6,5.0,0.0,5.0,0.0,138.0,0.0
5485597603,20812,12451633,5773,2024-06-26,45,128,89.77777777777777,45.0,0.0,45.0,0.0,4039.9999999999995,0.0
5485597603,20813,12403241,5773,2024-06-26,1,98,41.0,0.0,0.0,0.0,0.0,0.0,0.0
5485597603,20814,12591189,5773,2024-06-26,52,128,36.07692307692308,52.0,0.0,52.0,0.0,1876.0000000000002,0.0
5485597603,20815,12445173,5773,2024-06-26,5,128,192.0,5.0,0.0,5.0,0.0,960.0,0.0
5485597603,20816,12551080,5773,2024-06-26,14,98,41.785714285714285,14.0,0.0,14.0,0.0,585.0,0.0
5485597603,20817,12464372,5773,2024-06-26,64,128,42.828125,64.0,0.0,64.0,0.0,2741.0,0.0
5485597603,20818,12453435,5773,2024-06-26,27,128,32.851851851851855,27.0,0.0,27.0,0.0,887.0000000000001,0.0
5485597603,20819,12591202,5773,2024-06-26,45,128,52.84444444444444,45.0,0.0,45.0,0.0,2378.0,0.0
5485597603,20820,12408875,5773,2024-06-26,48,128,204.45833333333334,48.0,0.0,48.0,0.0,9814.0,0.0
5485597603,20821,12573457,5773,2024-06-26,3,128,44.666666666666664,0.0,0.0,0.0,0.0,0.0,0.0
5485597603,20822,12485232,5773,2024-06-26,2,105,37.5,0.0,0.0,0.0,0.0,0.0,0.0
5485597603,20823,12524433,5773,2024-06-26,4,128,112.75,0.0,0.0,0.0,0.0,0.0,0.0
5485597603,20824,12591187,5773,2024-06-26,219,128,36.08675799086758,219.0,1.0,91.0,0.0,7903.000000000001,0.0
5485597603,20825,12591198,5773,2024-06-26,3,128,56.666666666666664,3.0,0.0,3.0,0.0,170.0,0.0
5485597603,20826,12527241,5773,2024-06-26,1,128,153.0,1.0,0.0,1.0,0.0,153.0,0.0
5485597603,20827,12560614,5773,2024-06-26,14,128,48.357142857142854,14.0,0.0,14.0,0.0,677.0,0.0
5485597603,20828,12567750,5773,2024-06-26,494,136,29.76923076923077,494.0,3.0,86.0,0.0,14706.0,0.0
5485597603,20829,12504650,5773,2024-06-26,128,128,38.078125,127.0,0.0,127.0,0.0,4835.921875,0.0
5485597603,20830,12498403,5773,2024-06-26,41,210,100.14634146341463,41.0,0.0,41.0,0.0,4106.0,0.0
5485597603,20831,12584376,5773,2024-06-26,48,128,38.208333333333336,48.0,0.0,48.0,0.0,1834.0,0.0
5485456896,20465,12535161,5083,2024-06-26,10,128,207.9,10.0,0.0,10.0,0.0,2079.0,0.0
5485456896,20466,12260382,5083,2024-06-26,20,120,47.9,20.0,0.0,20.0,0.0,958.0,0.0
5485456896,20467,12524424,5083,2024-06-26,6,128,98.33333333333333,0.0,0.0,0.0,6.0,0.0,88.49999999999999
5485456896,20468,12504639,5083,2024-06-26,144,128,28.73611111111111,144.0,1.0,16.0,0.0,4138.0,0.0
5485456896,20469,12500751,5083,2024-06-26,66,128,85.5909090909091,0.0,0.0,0.0,66.0,0.0,847.3499999999999
5485456896,20470,12535136,5083,2024-06-26,31,128,213.93548387096774,31.0,0.0,31.0,0.0,6632.0,0.0
5485456896,20471,12551058,5083,2024-06-26,1,105,38.0,1.0,0.0,1.0,0.0,38.0,0.0
5485456896,20472,12510902,5083,2024-06-26,8,128,42.75,8.0,0.0,8.0,0.0,342.0,0.0
5485456896,20473,12352104,5083,2024-06-26,10,60,161.0,10.0,0.0,10.0,0.0,1610.0,0.0
5485456896,20474,12502285,5083,2024-06-26,144,128,28.583333333333332,144.0,1.0,16.0,0.0,4116.0,0.0
5485456896,20475,9517630,5083,2024-06-26,2,160,64.5,2.0,0.0,2.0,0.0,129.0,0.0
5485456896,20476,12409676,5083,2024-06-26,47,128,214.19148936170214,47.0,0.0,47.0,0.0,10067.0,0.0
5485456896,20477,12575290,5083,2024-06-26,43,105,28.069767441860463,43.0,0.0,43.0,0.0,1207.0,0.0
5485456896,20478,12152904,5083,2024-06-26,16,240,40.0625,16.0,0.0,16.0,0.0,641.0,0.0
5485456896,20479,12493314,5083,2024-06-26,39,128,88.2051282051282,39.0,0.0,39.0,0.0,3440.0,0.0
5485456896,20480,12591220,5083,2024-06-26,15,128,36.06666666666667,15.0,0.0,15.0,0.0,541.0,0.0
5485456896,20481,12451640,5083,2024-06-26,1,128,89.0,1.0,0.0,1.0,0.0,89.0,0.0
5485456896,20482,12591211,5083,2024-06-26,34,128,52.8235294117647,34.0,0.0,34.0,0.0,1796.0,0.0
5485456896,20483,12502286,5083,2024-06-26,144,128,40.979166666666664,144.0,1.0,16.0,0.0,5901.0,0.0
5485456896,20484,12502274,5083,2024-06-26,144,128,33.263888888888886,144.0,1.0,16.0,0.0,4790.0,0.0
5485456896,20485,12571489,5083,2024-06-26,2,84,279.0,2.0,0.0,2.0,0.0,558.0,0.0
5485456896,20486,12502689,5083,2024-06-26,144,128,41.9375,144.0,1.0,16.0,0.0,6039.0,0.0
5485456896,20487,12147839,5083,2024-06-26,8,180,48.125,8.0,0.0,8.0,0.0,385.0,0.0
5485456896,20488,12452095,5083,2024-06-26,34,128,42.8235294117647,34.0,0.0,34.0,0.0,1456.0,0.0
5485456896,20489,12591203,5083,2024-06-26,36,128,52.833333333333336,36.0,0.0,36.0,0.0,1902.0,0.0
5485456896,20490,12493312,5083,2024-06-26,8,128,90.375,8.0,0.0,8.0,0.0,723.0,0.0
5485456896,20491,12408918,5083,2024-06-26,128,128,208.21875,128.0,1.0,0.0,0.0,26652.0,0.0
5485456896,20492,12560314,5083,2024-06-26,3,128,35.666666666666664,3.0,0.0,3.0,0.0,107.0,0.0
5485456896,20493,12352102,5083,2024-06-26,8,60,161.0,8.0,0.0,8.0,0.0,1288.0,0.0
5485456896,20494,12453453,5083,2024-06-26,18,128,32.833333333333336,18.0,0.0,18.0,0.0,591.0,0.0
5485456896,20495,12468559,5083,2024-06-26,1,147,27.0,1.0,0.0,1.0,0.0,27.0,0.0
5485456896,20496,12451633,5083,2024-06-26,28,128,89.78571428571429,28.0,0.0,28.0,0.0,2514.0,0.0
5485456896,20497,12527215,5083,2024-06-26,13,128,158.30769230769232,13.0,0.0,13.0,0.0,2058.0,0.0
5485456896,20498,12502679,5083,2024-06-26,144,128,45.61805555555556,144.0,1.0,16.0,0.0,6569.0,0.0
5485456896,20499,12591189,5083,2024-06-26,45,128,36.08888888888889,45.0,0.0,45.0,0.0,1624.0,0.0
5485456896,20500,12352103,5083,2024-06-26,16,60,161.0,16.0,0.0,16.0,0.0,2576.0,0.0
5485456896,20501,12408923,5083,2024-06-26,144,128,160.13888888888889,144.0,1.0,16.0,0.0,23060.0,0.0
5485456896,20502,12445173,5083,2024-06-26,15,128,192.0,0.0,0.0,0.0,15.0,0.0,431.99999999999994
5485456896,20503,12408794,5083,2024-06-26,16,128,160.125,16.0,0.0,16.0,0.0,2562.0,0.0
5485456896,20504,12464372,5083,2024-06-26,23,128,42.82608695652174,23.0,0.0,23.0,0.0,985.0000000000001,0.0
5485456896,20505,12451623,5083,2024-06-26,1,128,89.0,1.0,0.0,1.0,0.0,89.0,0.0
5485456896,20506,12453435,5083,2024-06-26,5,128,32.8,5.0,0.0,5.0,0.0,164.0,0.0
5485456896,20507,12591202,5083,2024-06-26,23,128,52.82608695652174,23.0,0.0,23.0,0.0,1215.0,0.0
5485456896,20508,12504648,5083,2024-06-26,256,128,30.15625,256.0,2.0,0.0,0.0,7720.0,0.0
5485456896,20509,12408875,5083,2024-06-26,16,128,204.4375,16.0,0.0,16.0,0.0,3271.0,0.0
5485456896,20510,12524433,5083,2024-06-26,3,128,112.66666666666667,0.0,0.0,0.0,3.0,0.0,50.699999999999996
5485456896,20511,12591187,5083,2024-06-26,21,128,36.04761904761905,21.0,0.0,21.0,0.0,757.0000000000001,0.0
5485456896,20512,12591198,5083,2024-06-26,14,128,56.857142857142854,14.0,0.0,14.0,0.0,796.0,0.0
5485456896,20513,12504638,5083,2024-06-26,144,128,71.38888888888889,144.0,1.0,16.0,0.0,10280.0,0.0
5485456896,20514,12560614,5083,2024-06-26,3,128,48.333333333333336,3.0,0.0,3.0,0.0,145.0,0.0
5485456896,20515,12567750,5083,2024-06-26,258,136,29.767441860465116,0.0,0.0,0.0,258.0,0.0,1152.0
5485456896,20516,12504650,5083,2024-06-26,256,128,38.078125,256.0,2.0,0.0,0.0,9748.0,0.0
5485456896,20517,12584376,5083,2024-06-26,12,128,38.166666666666664,12.0,0.0,12.0,0.0,458.0,0.0
5485630312,1937,12535161,5083,2024-06-26,31,128,207.90322580645162,31.0,0.0,31.0,0.0,6445.0,0.0
5485630312,1938,12535136,5083,2024-06-26,33,128,213.93939393939394,33.0,0.0,33.0,0.0,7060.0,0.0
5485630312,1939,12500751,5083,2024-06-26,48,128,85.58333333333333,0.0,0.0,0.0,48.0,0.0,616.1999999999999
5485630312,1940,12573451,5083,2024-06-26,8,128,29.625,8.0,0.0,8.0,0.0,237.0,0.0
5485630312,1941,12510902,5083,2024-06-26,36,128,42.80555555555556,36.0,0.0,36.0,0.0,1541.0,0.0
5485630312,1942,12502285,5083,2024-06-26,144,128,28.583333333333332,144.0,1.0,16.0,0.0,4116.0,0.0
5485630312,1943,9517630,5083,2024-06-26,1,160,64.0,1.0,0.0,1.0,0.0,64.0,0.0
5485630312,1944,12352104,5083,2024-06-26,31,60,161.0,31.0,0.0,31.0,0.0,4991.0,0.0
5485630312,1945,12500021,5083,2024-06-26,128,128,65.625,128.0,1.0,0.0,0.0,8400.0,0.0
5485630312,1946,12493315,5083,2024-06-26,3,120,91.33333333333333,3.0,0.0,3.0,0.0,274.0,0.0
5485630312,1947,12432376,5083,2024-06-26,1,120,33.0,1.0,0.0,1.0,0.0,33.0,0.0
5485630312,1948,12416276,5083,2024-06-26,1,120,85.0,1.0,0.0,1.0,0.0,85.0,0.0
5485630312,1949,12575290,5083,2024-06-26,271,105,28.088560885608857,271.0,2.0,61.0,0.0,7612.0,0.0
5485630312,1950,9519773,5083,2024-06-26,1,160,64.0,1.0,0.0,1.0,0.0,64.0,0.0
5485630312,1951,12493314,5083,2024-06-26,51,128,88.2156862745098,51.0,0.0,51.0,0.0,4499.0,0.0
5485630312,1952,12574185,5083,2024-06-26,12,84,279.0,12.0,0.0,12.0,0.0,3348.0,0.0
5485630312,1953,12591220,5083,2024-06-26,3,128,36.0,3.0,0.0,3.0,0.0,108.0,0.0
5485630312,1954,12451640,5083,2024-06-26,4,128,89.75,4.0,0.0,4.0,0.0,359.0,0.0
5485630312,1955,12591211,5083,2024-06-26,51,128,52.84313725490196,51.0,0.0,51.0,0.0,2695.0,0.0
5485630312,1956,12502286,5083,2024-06-26,144,128,40.979166666666664,144.0,1.0,16.0,0.0,5901.0,0.0
5485630312,1957,12321221,5083,2024-06-26,1,120,189.0,1.0,0.0,1.0,0.0,189.0,0.0
5485630312,1958,12502274,5083,2024-06-26,144,128,33.263888888888886,144.0,1.0,16.0,0.0,4790.0,0.0
5485630312,1959,12551074,5083,2024-06-26,3,98,39.333333333333336,3.0,0.0,3.0,0.0,118.0,0.0
5485630312,1960,12571489,5083,2024-06-26,2,84,279.0,2.0,0.0,2.0,0.0,558.0,0.0
5485630312,1961,12408920,5083,2024-06-26,128,128,214.1953125,128.0,1.0,0.0,0.0,27417.0,0.0
5485630312,1962,12147839,5083,2024-06-26,11,180,48.18181818181818,11.0,0.0,11.0,0.0,530.0,0.0
5485630312,1963,12452095,5083,2024-06-26,153,128,42.8235294117647,153.0,1.0,25.0,0.0,6552.0,0.0
5485630312,1964,12493312,5083,2024-06-26,14,128,90.42857142857143,14.0,0.0,14.0,0.0,1266.0,0.0
5485630312,1965,12352105,5083,2024-06-26,3,60,161.0,3.0,0.0,3.0,0.0,483.0,0.0
5485630312,1966,12591203,5083,2024-06-26,29,128,52.827586206896555,29.0,0.0,29.0,0.0,1532.0,0.0
5485630312,1967,12560314,5083,2024-06-26,13,128,35.69230769230769,13.0,0.0,13.0,0.0,464.0,0.0
5485630312,1968,12453337,5083,2024-06-26,1,160,46.0,1.0,0.0,1.0,0.0,46.0,0.0
5485630312,1969,12352102,5083,2024-06-26,38,60,161.0,38.0,0.0,38.0,0.0,6118.0,0.0
5485630312,1970,12575219,5083,2024-06-26,128,105,28.0859375,128.0,1.0,23.0,0.0,3595.0,0.0
5485630312,1971,12453453,5083,2024-06-26,17,128,32.8235294117647,17.0,0.0,17.0,0.0,558.0,0.0
5485630312,1972,12451633,5083,2024-06-26,27,128,89.77777777777777,27.0,0.0,27.0,0.0,2424.0,0.0
5485630312,1973,12403241,5083,2024-06-26,1,98,41.0,1.0,0.0,1.0,0.0,41.0,0.0
5485630312,1974,12591189,5083,2024-06-26,58,128,36.08620689655172,58.0,0.0,58.0,0.0,2093.0,0.0
5485630312,1975,12352103,5083,2024-06-26,42,60,161.0,42.0,0.0,42.0,0.0,6762.0,0.0
5485630312,1976,12408794,5083,2024-06-26,144,128,160.13888888888889,144.0,1.0,16.0,0.0,23060.0,0.0
5485630312,1977,12464372,5083,2024-06-26,36,128,42.80555555555556,36.0,0.0,36.0,0.0,1541.0,0.0
5485630312,1978,12453435,5083,2024-06-26,20,128,32.85,20.0,0.0,20.0,0.0,657.0,0.0
5485630312,1979,12451623,5083,2024-06-26,5,128,89.6,5.0,0.0,5.0,0.0,448.0,0.0
5485630312,1980,12591202,5083,2024-06-26,9,128,52.77777777777778,9.0,0.0,9.0,0.0,475.0,0.0
5485630312,1981,12408875,5083,2024-06-26,16,128,204.4375,16.0,0.0,16.0,0.0,3271.0,0.0
5485630312,1982,12504648,5083,2024-06-26,128,128,30.15625,128.0,1.0,0.0,0.0,3860.0,0.0
5485630312,1983,12147941,5083,2024-06-26,1,180,35.0,1.0,0.0,1.0,0.0,35.0,0.0
5485630312,1984,12591187,5083,2024-06-26,8,128,36.0,8.0,0.0,8.0,0.0,288.0,0.0
5485630312,1985,12485232,5083,2024-06-26,1,105,37.0,1.0,0.0,1.0,0.0,37.0,0.0
5485630312,1986,12495548,5083,2024-06-26,1,105,26.0,1.0,0.0,1.0,0.0,26.0,0.0
5485630312,1987,12504638,5083,2024-06-26,144,128,71.38888888888889,144.0,1.0,16.0,0.0,10280.0,0.0
5485630312,1988,12560614,5083,2024-06-26,6,128,48.333333333333336,6.0,0.0,6.0,0.0,290.0,0.0
5485630312,1989,12591198,5083,2024-06-26,19,128,56.89473684210526,19.0,0.0,19.0,0.0,1081.0,0.0
5485630312,1990,12567750,5083,2024-06-26,325,136,29.76923076923077,106.0,0.0,106.0,219.0,3155.5384615384614,977.9192307692308
5485630312,1991,12584376,5083,2024-06-26,79,128,38.20253164556962,79.0,0.0,79.0,0.0,3018.0,0.0
5485083643,12920,12500751,5083,2024-06-26,155,128,85.6,0.0,0.0,0.0,155.0,0.0,1990.1999999999996
5485083643,12921,12535136,5083,2024-06-26,41,128,213.9268292682927,41.0,0.0,41.0,0.0,8771.0,0.0
5485083643,12922,12486025,5083,2024-06-26,2,98,40.5,2.0,0.0,2.0,0.0,81.0,0.0
5485083643,12923,12502285,5083,2024-06-26,144,128,28.583333333333332,144.0,1.0,16.0,0.0,4116.0,0.0
5485083643,12924,9517630,5083,2024-06-26,2,160,64.5,2.0,0.0,2.0,0.0,129.0,0.0
5485083643,12925,12409676,5083,2024-06-26,35,128,214.2,35.0,0.0,35.0,0.0,7497.0,0.0
5485083643,12926,9519773,5083,2024-06-26,1,160,64.0,1.0,0.0,1.0,0.0,64.0,0.0
5485083643,12927,12575290,5083,2024-06-26,263,105,28.08745247148289,263.0,2.0,53.0,0.0,7387.0,0.0
5485083643,12928,12493314,5083,2024-06-26,43,128,88.20930232558139,43.0,0.0,43.0,0.0,3793.0,0.0
5485083643,12929,12591220,5083,2024-06-26,101,128,36.08910891089109,101.0,0.0,101.0,0.0,3645.0000000000005,0.0
5485083643,12930,12451640,5083,2024-06-26,9,128,89.77777777777777,9.0,0.0,9.0,0.0,808.0,0.0
5485083643,12931,12591211,5083,2024-06-26,23,128,52.82608695652174,23.0,0.0,23.0,0.0,1215.0,0.0
5485083643,12932,12502286,5083,2024-06-26,144,128,40.979166666666664,144.0,1.0,16.0,0.0,5901.0,0.0
5485083643,12933,12502274,5083,2024-06-26,144,128,33.263888888888886,144.0,1.0,16.0,0.0,4790.0,0.0
5485083643,12934,12571489,5083,2024-06-26,12,84,279.0,12.0,0.0,12.0,0.0,3348.0,0.0
5485083643,12935,12408920,5083,2024-06-26,128,128,214.1953125,128.0,1.0,0.0,0.0,27417.0,0.0
5485083643,12936,12408925,5083,2024-06-26,1,128,195.0,1.0,0.0,1.0,0.0,195.0,0.0
5485083643,12937,12321225,5083,2024-06-26,2,120,222.0,2.0,0.0,2.0,0.0,444.0,0.0
5485083643,12938,9521497,5083,2024-06-26,1,55,386.0,1.0,0.0,1.0,0.0,386.0,0.0
5485083643,12939,12452095,5083,2024-06-26,154,128,42.824675324675326,154.0,1.0,26.0,0.0,6595.0,0.0
5485083643,12940,12591203,5083,2024-06-26,37,128,52.83783783783784,37.0,0.0,37.0,0.0,1955.0,0.0
5485083643,12941,12493312,5083,2024-06-26,1,128,90.0,1.0,0.0,1.0,0.0,90.0,0.0
5485083643,12942,12352105,5083,2024-06-26,21,60,161.0,21.0,0.0,21.0,0.0,3381.0,0.0
5485083643,12943,12560314,5083,2024-06-26,10,128,35.7,10.0,0.0,10.0,0.0,357.0,0.0
5485083643,12944,12453337,5083,2024-06-26,2,160,46.0,2.0,0.0,2.0,0.0,92.0,0.0
5485083643,12945,12575219,5083,2024-06-26,128,105,28.0859375,128.0,1.0,23.0,0.0,3595.0,0.0
5485083643,12946,12453453,5083,2024-06-26,56,128,32.875,56.0,0.0,56.0,0.0,1841.0,0.0
5485083643,12947,12591189,5083,2024-06-26,172,128,36.08720930232558,172.0,1.0,44.0,0.0,6207.0,0.0
5485083643,12948,12408923,5083,2024-06-26,144,128,160.13888888888889,144.0,1.0,16.0,0.0,23060.0,0.0
5485083643,12949,12551080,5083,2024-06-26,8,98,41.75,8.0,0.0,8.0,0.0,334.0,0.0
5485083643,12950,12453435,5083,2024-06-26,20,128,32.85,20.0,0.0,20.0,0.0,657.0,0.0
5485083643,12951,12591202,5083,2024-06-26,7,128,52.714285714285715,7.0,0.0,7.0,0.0,369.0,0.0
5485083643,12952,12504648,5083,2024-06-26,128,128,30.15625,128.0,1.0,0.0,0.0,3860.0,0.0
5485083643,12953,12408875,5083,2024-06-26,16,128,204.4375,16.0,0.0,16.0,0.0,3271.0,0.0
5485083643,12954,12573457,5083,2024-06-26,5,128,44.8,5.0,0.0,5.0,0.0,224.0,0.0
5485083643,12955,12524433,5083,2024-06-26,5,128,112.8,0.0,0.0,0.0,5.0,0.0,84.6
5485083643,12956,12591198,5083,2024-06-26,37,128,56.891891891891895,37.0,0.0,37.0,0.0,2105.0,0.0
5485083643,12957,12504638,5083,2024-06-26,144,128,71.38888888888889,144.0,1.0,16.0,0.0,10280.0,0.0
5485083643,12958,12504650,5083,2024-06-26,256,128,38.078125,256.0,2.0,0.0,0.0,9748.0,0.0
5485083643,12959,12584376,5083,2024-06-26,182,128,38.20879120879121,182.0,1.0,54.0,0.0,6954.000000000001,0.0
5485466898,7042,12535161,5083,2024-06-26,24,128,207.91666666666666,24.0,0.0,24.0,0.0,4990.0,0.0
5485466898,7043,12260382,5083,2024-06-26,60,120,47.916666666666664,60.0,0.0,60.0,0.0,2875.0,0.0
5485466898,7044,12260378,5083,2024-06-26,20,120,32.15,20.0,0.0,20.0,0.0,643.0,0.0
5485466898,7045,12504639,5083,2024-06-26,144,128,28.73611111111111,144.0,1.0,16.0,0.0,4138.0,0.0
5485466898,7046,12500751,5083,2024-06-26,28,128,85.57142857142857,0.0,0.0,0.0,28.0,0.0,359.4
5485466898,7047,12535136,5083,2024-06-26,7,128,213.85714285714286,7.0,0.0,7.0,0.0,1497.0,0.0
5485466898,7048,12408924,5083,2024-06-26,16,128,208.1875,16.0,0.0,16.0,0.0,3331.0,0.0
5485466898,7049,12452197,5083,2024-06-26,16,112,76.875,16.0,0.0,16.0,0.0,1230.0,0.0
5485466898,7050,12510902,5083,2024-06-26,72,128,42.81944444444444,72.0,0.0,72.0,0.0,3083.0,0.0
5485466898,7051,12502285,5083,2024-06-26,32,128,28.5625,32.0,0.0,32.0,0.0,914.0,0.0
5485466898,7052,12352104,5083,2024-06-26,7,60,161.0,7.0,0.0,7.0,0.0,1127.0,0.0
5485466898,7053,9517630,5083,2024-06-26,1,160,64.0,1.0,0.0,1.0,0.0,64.0,0.0
5485466898,7054,12409676,5083,2024-06-26,12,128,214.16666666666666,12.0,0.0,12.0,0.0,2570.0,0.0
5485466898,7055,12416276,5083,2024-06-26,4,120,85.75,4.0,0.0,4.0,0.0,343.0,0.0
5485466898,7056,12505297,5083,2024-06-26,16,128,181.6875,16.0,0.0,16.0,0.0,2907.0,0.0
5485466898,7057,12575290,5083,2024-06-26,172,105,28.087209302325583,172.0,1.0,67.0,0.0,4831.0,0.0
5485466898,7058,12152904,5083,2024-06-26,16,240,40.0625,16.0,0.0,16.0,0.0,641.0,0.0
5485466898,7059,12493314,5083,2024-06-26,103,128,88.2135922330097,103.0,0.0,103.0,0.0,9086.0,0.0
5485466898,7060,12591220,5083,2024-06-26,58,128,36.08620689655172,58.0,0.0,58.0,0.0,2093.0,0.0
5485466898,7061,12408926,5083,2024-06-26,5,128,174.4,5.0,0.0,5.0,0.0,872.0,0.0
5485466898,7062,12451640,5083,2024-06-26,1,128,89.0,1.0,0.0,1.0,0.0,89.0,0.0
5485466898,7063,12591211,5083,2024-06-26,27,128,52.81481481481482,27.0,0.0,27.0,0.0,1426.0,0.0
5485466898,7064,12408922,5083,2024-06-26,16,128,166.1875,16.0,0.0,16.0,0.0,2659.0,0.0
5485466898,7065,12502274,5083,2024-06-26,160,128,33.26875,160.0,1.0,32.0,0.0,5323.0,0.0
5485466898,7066,12571489,5083,2024-06-26,7,84,279.0,7.0,0.0,7.0,0.0,1953.0,0.0
5485466898,7067,12502689,5083,2024-06-26,16,128,41.9375,16.0,0.0,16.0,0.0,671.0,0.0
5485466898,7068,12172652,5083,2024-06-26,1,48,545.0,1.0,0.0,1.0,0.0,545.0,0.0
5485466898,7069,12452095,5083,2024-06-26,85,128,42.8235294117647,85.0,0.0,85.0,0.0,3639.9999999999995,0.0
5485466898,7070,12560314,5083,2024-06-26,30,128,35.733333333333334,30.0,0.0,30.0,0.0,1072.0,0.0
5485466898,7071,12352102,5083,2024-06-26,2,60,161.0,2.0,0.0,2.0,0.0,322.0,0.0
5485466898,7072,12575219,5083,2024-06-26,128,105,28.0859375,128.0,1.0,23.0,0.0,3595.0,0.0
5485466898,7073,12453453,5083,2024-06-26,39,128,32.87179487179487,39.0,0.0,39.0,0.0,1281.9999999999998,0.0
5485466898,7074,12468559,5083,2024-06-26,5,147,27.6,5.0,0.0,5.0,0.0,138.0,0.0
5485466898,7075,12451633,5083,2024-06-26,63,128,89.77777777777777,63.0,0.0,63.0,0.0,5656.0,0.0
5485466898,7076,12527215,5083,2024-06-26,5,128,158.2,5.0,0.0,5.0,0.0,791.0,0.0
5485466898,7077,12502679,5083,2024-06-26,16,128,45.5625,16.0,0.0,16.0,0.0,729.0,0.0
5485466898,7078,12591189,5083,2024-06-26,47,128,36.08510638297872,47.0,0.0,47.0,0.0,1696.0,0.0
5485466898,7079,12408923,5083,2024-06-26,16,128,160.125,16.0,0.0,16.0,0.0,2562.0,0.0
5485466898,7080,12573511,5083,2024-06-26,2,128,26.5,2.0,0.0,2.0,0.0,53.0,0.0
5485466898,7081,12464372,5083,2024-06-26,84,128,42.82142857142857,84.0,0.0,84.0,0.0,3597.0,0.0
5485466898,7082,12560620,5083,2024-06-26,1,128,48.0,1.0,0.0,1.0,0.0,48.0,0.0
5485466898,7083,12500023,5083,2024-06-26,16,128,75.25,16.0,0.0,16.0,0.0,1204.0,0.0
5485466898,7084,12453435,5083,2024-06-26,10,128,32.8,10.0,0.0,10.0,0.0,328.0,0.0
5485466898,7085,12451623,5083,2024-06-26,13,128,89.76923076923077,13.0,0.0,13.0,0.0,1167.0,0.0
5485466898,7086,12591202,5083,2024-06-26,32,128,52.84375,32.0,0.0,32.0,0.0,1691.0,0.0
5485466898,7087,12504648,5083,2024-06-26,256,128,30.15625,256.0,2.0,0.0,0.0,7720.0,0.0
5485466898,7088,12408875,5083,2024-06-26,16,128,204.4375,16.0,0.0,16.0,0.0,3271.0,0.0
5485466898,7089,12524433,5083,2024-06-26,26,128,112.88461538461539,0.0,0.0,0.0,26.0,0.0,440.25
5485466898,7090,12591187,5083,2024-06-26,121,128,36.082644628099175,121.0,0.0,121.0,0.0,4366.0,0.0
5485466898,7091,12591198,5083,2024-06-26,22,128,56.90909090909091,22.0,0.0,22.0,0.0,1252.0,0.0
5485466898,7092,12504638,5083,2024-06-26,64,128,71.375,64.0,0.0,64.0,0.0,4568.0,0.0
5485466898,7093,12567750,5083,2024-06-26,222,136,29.765765765765767,0.0,0.0,0.0,222.0,0.0,991.1999999999999
5485466898,7094,12504650,5083,2024-06-26,384,128,38.078125,384.0,3.0,0.0,0.0,14622.0,0.0
5485466898,7095,12584376,5083,2024-06-26,50,128,38.2,50.0,0.0,50.0,0.0,1910.0000000000002,0.0
